,creation_seconds,creation_seconds,creation_seconds,creation_seconds,creation_seconds,creation_seconds,creation_seconds,creation_seconds,tpstart_seconds,tpstart_seconds,tpstart_seconds,tpstart_seconds,tpstart_seconds,tpstart_seconds,tpstart_seconds,tpstart_seconds,tpdataframe_seconds,tpdataframe_seconds,tpdataframe_seconds,tpdataframe_seconds,tpdataframe_seconds,tpdataframe_seconds,tpdataframe_seconds,tpdataframe_seconds,tpfinished_seconds,tpfinished_seconds,tpfinished_seconds,tpfinished_seconds,tpfinished_seconds,tpfinished_seconds,tpfinished_seconds,tpfinished_seconds,execution_remainder,execution_remainder,execution_remainder,execution_remainder,execution_remainder,execution_remainder,execution_remainder,execution_remainder,deletion_seconds,deletion_seconds,deletion_seconds,deletion_seconds,deletion_seconds,deletion_seconds,deletion_seconds,deletion_seconds,order,order,order,order,order,order,order,order
,count,mean,std,min,25%,50%,75%,max,count,mean,std,min,25%,50%,75%,max,count,mean,std,min,25%,50%,75%,max,count,mean,std,min,25%,50%,75%,max,count,mean,std,min,25%,50%,75%,max,count,mean,std,min,25%,50%,75%,max,count,mean,std,min,25%,50%,75%,max
id,,,,,,,,,,,,,,,,,,,,,,,,,,,,,,,,,,,,,,,,,,,,,,,,,,,,,,,,
default_prometheus,11.0,5.7272727272727275,0.4670993664969138,5.0,5.5,6.0,6.0,6.0,11.0,14.363636363636363,11.741147535677484,7.0,8.0,10.0,15.5,48.0,11.0,101.81818181818181,0.7507571935295483,101.0,101.0,102.0,102.0,103.0,11.0,52.54545454545455,2.1616492020508953,49.0,51.0,53.0,54.0,56.0,11.0,1.1818181818181819,0.40451991747794525,1.0,1.0,1.0,1.0,2.0,11.0,41.0,2.932575659723036,38.0,39.0,40.0,42.5,46.0,11.0,1.0,0.0,1.0,1.0,1.0,1.0,1.0
no_monitoring,10.0,6.2,1.3984117975602022,5.0,6.0,6.0,6.0,10.0,10.0,13.1,12.617888536166069,7.0,7.25,8.0,12.0,48.0,10.0,101.8,0.4216370213557839,101.0,102.0,102.0,102.0,102.0,10.0,53.1,1.449137674618944,51.0,52.25,53.0,54.0,55.0,10.0,1.0,0.4714045207910317,0.0,1.0,1.0,1.0,2.0,10.0,40.8,2.898275349237888,39.0,39.0,39.0,43.5,45.0,10.0,0.0,0.0,0.0,0.0,0.0,0.0,0.0
spps_2,10.0,10.3,14.306564149989955,5.0,6.0,6.0,6.0,51.0,10.0,20.5,16.008678202080826,9.0,12.25,13.5,15.75,54.0,10.0,102.1,0.9944289260117533,100.0,102.0,102.0,103.0,103.0,10.0,56.0,1.1547005383792515,54.0,55.25,56.0,56.75,58.0,10.0,-1.2,0.42163702135578396,-2.0,-1.0,-1.0,-1.0,-1.0,10.0,40.5,2.273030282830976,38.0,39.0,40.0,42.0,45.0,10.0,2.0,0.0,2.0,2.0,2.0,2.0,2.0
spps_3,10.0,5.8,0.4216370213557839,5.0,6.0,6.0,6.0,6.0,10.0,14.4,3.5023801430836525,9.0,12.0,15.5,16.75,20.0,10.0,102.1,0.7378647873726218,101.0,102.0,102.0,102.75,103.0,10.0,54.2,2.2010098692292237,50.0,53.25,54.5,55.0,58.0,10.0,-0.6,0.8432740427115679,-2.0,-1.0,-1.0,0.0,1.0,10.0,39.8,0.9189365834726815,39.0,39.0,39.5,40.75,41.0,10.0,3.0,0.0,3.0,3.0,3.0,3.0,3.0
spps_4,10.0,5.4,0.5163977794943222,5.0,5.0,5.0,6.0,6.0,10.0,11.7,3.3349995835415367,9.0,9.0,9.5,15.5,16.0,10.0,101.8,0.6324555320336759,101.0,101.25,102.0,102.0,103.0,10.0,54.5,2.273030282830976,51.0,53.25,54.0,56.5,58.0,10.0,-0.3,0.48304589153964794,-1.0,-0.75,0.0,0.0,0.0,10.0,40.6,2.1705094128132942,39.0,39.0,40.0,41.0,46.0,10.0,4.0,0.0,4.0,4.0,4.0,4.0,4.0
