,creation_seconds,creation_seconds,creation_seconds,creation_seconds,creation_seconds,creation_seconds,creation_seconds,creation_seconds,tpstart_seconds,tpstart_seconds,tpstart_seconds,tpstart_seconds,tpstart_seconds,tpstart_seconds,tpstart_seconds,tpstart_seconds,tpdataframe_seconds,tpdataframe_seconds,tpdataframe_seconds,tpdataframe_seconds,tpdataframe_seconds,tpdataframe_seconds,tpdataframe_seconds,tpdataframe_seconds,tpfinished_seconds,tpfinished_seconds,tpfinished_seconds,tpfinished_seconds,tpfinished_seconds,tpfinished_seconds,tpfinished_seconds,tpfinished_seconds,execution_remainder,execution_remainder,execution_remainder,execution_remainder,execution_remainder,execution_remainder,execution_remainder,execution_remainder,deletion_seconds,deletion_seconds,deletion_seconds,deletion_seconds,deletion_seconds,deletion_seconds,deletion_seconds,deletion_seconds,order,order,order,order,order,order,order,order
,count,mean,std,min,25%,50%,75%,max,count,mean,std,min,25%,50%,75%,max,count,mean,std,min,25%,50%,75%,max,count,mean,std,min,25%,50%,75%,max,count,mean,std,min,25%,50%,75%,max,count,mean,std,min,25%,50%,75%,max,count,mean,std,min,25%,50%,75%,max
id,,,,,,,,,,,,,,,,,,,,,,,,,,,,,,,,,,,,,,,,,,,,,,,,,,,,,,,,
default_prometheus,11.0,5.7272727272727275,0.4670993664969138,5.0,5.5,6.0,6.0,6.0,11.0,14.363636363636363,11.741147535677484,7.0,8.0,10.0,15.5,48.0,11.0,101.81818181818181,0.7507571935295483,101.0,101.0,102.0,102.0,103.0,11.0,52.54545454545455,2.1616492020508953,49.0,51.0,53.0,54.0,56.0,11.0,1.1818181818181819,0.40451991747794525,1.0,1.0,1.0,1.0,2.0,11.0,41.0,2.932575659723036,38.0,39.0,40.0,42.5,46.0,11.0,1.0,0.0,1.0,1.0,1.0,1.0,1.0
no_monitoring,10.0,6.2,1.3984117975602022,5.0,6.0,6.0,6.0,10.0,10.0,13.1,12.617888536166069,7.0,7.25,8.0,12.0,48.0,10.0,101.8,0.4216370213557839,101.0,102.0,102.0,102.0,102.0,10.0,53.1,1.449137674618944,51.0,52.25,53.0,54.0,55.0,10.0,1.0,0.4714045207910317,0.0,1.0,1.0,1.0,2.0,10.0,40.8,2.898275349237888,39.0,39.0,39.0,43.5,45.0,10.0,0.0,0.0,0.0,0.0,0.0,0.0,0.0
rpps_2,10.0,5.9,0.31622776601683794,5.0,6.0,6.0,6.0,6.0,10.0,10.0,2.70801280154532,8.0,8.0,8.5,11.75,16.0,10.0,101.9,0.5676462121975467,101.0,102.0,102.0,102.0,103.0,10.0,56.3,2.4517567397911053,53.0,54.0,58.0,58.0,59.0,10.0,0.4,0.5163977794943222,0.0,0.0,0.0,1.0,1.0,10.0,41.1,2.1317702607092643,39.0,40.0,40.5,41.75,46.0,10.0,2.0,0.0,2.0,2.0,2.0,2.0,2.0
rpps_3,10.0,6.0,0.0,6.0,6.0,6.0,6.0,6.0,10.0,9.5,2.9533408577782247,8.0,8.0,8.0,8.75,16.0,10.0,102.1,0.5676462121975467,101.0,102.0,102.0,102.0,103.0,10.0,54.9,2.4698178070456938,51.0,53.0,55.0,56.75,59.0,10.0,0.6,0.5163977794943223,0.0,0.0,1.0,1.0,1.0,10.0,38.8,0.6324555320336759,38.0,38.25,39.0,39.0,40.0,10.0,3.0,0.0,3.0,3.0,3.0,3.0,3.0
rpps_4,10.0,5.5,0.5270462766947299,5.0,5.0,5.5,6.0,6.0,10.0,15.2,10.47536793307678,8.0,8.0,12.5,17.5,42.0,10.0,101.7,0.48304589153964794,101.0,101.25,102.0,102.0,102.0,10.0,55.4,1.837873166945363,51.0,55.0,56.0,56.75,57.0,10.0,0.6,0.6992058987801011,-1.0,0.25,1.0,1.0,1.0,10.0,40.4,2.270584848790187,38.0,39.0,40.0,41.0,45.0,10.0,4.0,0.0,4.0,4.0,4.0,4.0,4.0
