,creation_seconds,creation_seconds,creation_seconds,creation_seconds,creation_seconds,creation_seconds,creation_seconds,creation_seconds,tpstart_seconds,tpstart_seconds,tpstart_seconds,tpstart_seconds,tpstart_seconds,tpstart_seconds,tpstart_seconds,tpstart_seconds,tpdataframe_seconds,tpdataframe_seconds,tpdataframe_seconds,tpdataframe_seconds,tpdataframe_seconds,tpdataframe_seconds,tpdataframe_seconds,tpdataframe_seconds,tpfinished_seconds,tpfinished_seconds,tpfinished_seconds,tpfinished_seconds,tpfinished_seconds,tpfinished_seconds,tpfinished_seconds,tpfinished_seconds,execution_remainder,execution_remainder,execution_remainder,execution_remainder,execution_remainder,execution_remainder,execution_remainder,execution_remainder,deletion_seconds,deletion_seconds,deletion_seconds,deletion_seconds,deletion_seconds,deletion_seconds,deletion_seconds,deletion_seconds,order,order,order,order,order,order,order,order
,count,mean,std,min,25%,50%,75%,max,count,mean,std,min,25%,50%,75%,max,count,mean,std,min,25%,50%,75%,max,count,mean,std,min,25%,50%,75%,max,count,mean,std,min,25%,50%,75%,max,count,mean,std,min,25%,50%,75%,max,count,mean,std,min,25%,50%,75%,max
id,,,,,,,,,,,,,,,,,,,,,,,,,,,,,,,,,,,,,,,,,,,,,,,,,,,,,,,,
default_prometheus,11.0,5.7272727272727275,0.4670993664969138,5.0,5.5,6.0,6.0,6.0,11.0,14.363636363636363,11.741147535677484,7.0,8.0,10.0,15.5,48.0,11.0,101.81818181818181,0.7507571935295483,101.0,101.0,102.0,102.0,103.0,11.0,52.54545454545455,2.1616492020508953,49.0,51.0,53.0,54.0,56.0,11.0,1.1818181818181819,0.40451991747794525,1.0,1.0,1.0,1.0,2.0,11.0,41.0,2.932575659723036,38.0,39.0,40.0,42.5,46.0,11.0,1.0,0.0,1.0,1.0,1.0,1.0,1.0
lpps_10,10.0,6.2,1.0327955589886446,5.0,6.0,6.0,6.0,9.0,10.0,14.4,4.993328882953068,9.0,10.25,12.0,19.5,22.0,10.0,102.1,1.1005049346146119,101.0,101.25,102.0,102.0,104.0,10.0,56.6,2.4585451886114362,53.0,54.5,56.5,58.0,60.0,10.0,-0.6,0.8432740427115678,-2.0,-1.0,-1.0,0.0,1.0,10.0,40.4,1.349897115421106,38.0,40.0,40.5,41.0,43.0,10.0,4.0,0.0,4.0,4.0,4.0,4.0,4.0
lpps_2,10.0,5.8,0.4216370213557839,5.0,6.0,6.0,6.0,6.0,10.0,12.1,3.6040101122068022,9.0,10.0,10.0,14.5,20.0,10.0,102.1,1.286683937707919,100.0,102.0,102.0,102.0,105.0,10.0,55.3,2.9458068127047605,51.0,53.25,55.0,57.75,60.0,10.0,-0.6,0.6992058987801011,-1.0,-1.0,-1.0,-0.25,1.0,10.0,40.2,2.2509257354845507,38.0,39.0,39.5,40.75,46.0,10.0,2.0,0.0,2.0,2.0,2.0,2.0,2.0
lpps_5,10.0,6.0,0.0,6.0,6.0,6.0,6.0,6.0,10.0,10.9,3.2472210341220142,9.0,9.0,9.5,10.0,17.0,10.0,101.5,0.5270462766947299,101.0,101.0,101.5,102.0,102.0,10.0,53.3,3.0568684048294332,50.0,51.0,52.5,55.75,58.0,10.0,-0.6,0.8432740427115678,-2.0,-1.0,0.0,0.0,0.0,10.0,40.2,2.394437999475729,38.0,39.0,39.5,40.75,46.0,10.0,3.0,0.0,3.0,3.0,3.0,3.0,3.0
no_monitoring,10.0,6.2,1.3984117975602022,5.0,6.0,6.0,6.0,10.0,10.0,13.1,12.617888536166069,7.0,7.25,8.0,12.0,48.0,10.0,101.8,0.4216370213557839,101.0,102.0,102.0,102.0,102.0,10.0,53.1,1.449137674618944,51.0,52.25,53.0,54.0,55.0,10.0,1.0,0.4714045207910317,0.0,1.0,1.0,1.0,2.0,10.0,40.8,2.898275349237888,39.0,39.0,39.0,43.5,45.0,10.0,0.0,0.0,0.0,0.0,0.0,0.0,0.0
