,creation_seconds,creation_seconds,creation_seconds,creation_seconds,creation_seconds,creation_seconds,creation_seconds,creation_seconds,tpstart_seconds,tpstart_seconds,tpstart_seconds,tpstart_seconds,tpstart_seconds,tpstart_seconds,tpstart_seconds,tpstart_seconds,tpdataframe_seconds,tpdataframe_seconds,tpdataframe_seconds,tpdataframe_seconds,tpdataframe_seconds,tpdataframe_seconds,tpdataframe_seconds,tpdataframe_seconds,tpfinished_seconds,tpfinished_seconds,tpfinished_seconds,tpfinished_seconds,tpfinished_seconds,tpfinished_seconds,tpfinished_seconds,tpfinished_seconds,execution_remainder,execution_remainder,execution_remainder,execution_remainder,execution_remainder,execution_remainder,execution_remainder,execution_remainder,deletion_seconds,deletion_seconds,deletion_seconds,deletion_seconds,deletion_seconds,deletion_seconds,deletion_seconds,deletion_seconds,order,order,order,order,order,order,order,order
,count,mean,std,min,25%,50%,75%,max,count,mean,std,min,25%,50%,75%,max,count,mean,std,min,25%,50%,75%,max,count,mean,std,min,25%,50%,75%,max,count,mean,std,min,25%,50%,75%,max,count,mean,std,min,25%,50%,75%,max,count,mean,std,min,25%,50%,75%,max
id,,,,,,,,,,,,,,,,,,,,,,,,,,,,,,,,,,,,,,,,,,,,,,,,,,,,,,,,
default_prometheus,11.0,5.7272727272727275,0.4670993664969138,5.0,5.5,6.0,6.0,6.0,11.0,14.363636363636363,11.741147535677484,7.0,8.0,10.0,15.5,48.0,11.0,101.81818181818181,0.7507571935295483,101.0,101.0,102.0,102.0,103.0,11.0,52.54545454545455,2.1616492020508953,49.0,51.0,53.0,54.0,56.0,11.0,1.1818181818181819,0.40451991747794525,1.0,1.0,1.0,1.0,2.0,11.0,41.0,2.932575659723036,38.0,39.0,40.0,42.5,46.0,11.0,1.0,0.0,1.0,1.0,1.0,1.0,1.0
no_monitoring,10.0,6.2,1.3984117975602022,5.0,6.0,6.0,6.0,10.0,10.0,13.1,12.617888536166069,7.0,7.25,8.0,12.0,48.0,10.0,101.8,0.4216370213557839,101.0,102.0,102.0,102.0,102.0,10.0,53.1,1.449137674618944,51.0,52.25,53.0,54.0,55.0,10.0,1.0,0.4714045207910317,0.0,1.0,1.0,1.0,2.0,10.0,40.8,2.898275349237888,39.0,39.0,39.0,43.5,45.0,10.0,0.0,0.0,0.0,0.0,0.0,0.0,0.0
rpid_10,10.0,5.9,0.31622776601683794,5.0,6.0,6.0,6.0,6.0,10.0,13.1,3.8137179293236207,8.0,9.25,14.0,15.75,18.0,10.0,102.0,0.6666666666666666,101.0,102.0,102.0,102.0,103.0,10.0,52.3,3.0568684048294337,49.0,49.25,52.0,55.0,57.0,10.0,1.5,0.5270462766947299,1.0,1.0,1.5,2.0,2.0,10.0,40.1,2.0789954839350235,38.0,39.0,39.0,40.75,45.0,10.0,3.0,0.0,3.0,3.0,3.0,3.0,3.0
rpid_20,10.0,5.7,0.48304589153964794,5.0,5.25,6.0,6.0,6.0,10.0,10.7,3.020301677353145,8.0,8.0,9.5,13.5,15.0,10.0,101.8,0.9189365834726814,101.0,101.0,102.0,102.0,104.0,10.0,52.6,1.9550504398153572,50.0,51.25,52.5,53.0,57.0,10.0,1.0,0.6666666666666666,0.0,1.0,1.0,1.0,2.0,10.0,42.0,2.449489742783178,39.0,39.75,42.0,44.25,45.0,10.0,4.0,0.0,4.0,4.0,4.0,4.0,4.0
rpid_5,10.0,5.6,0.5163977794943222,5.0,5.0,6.0,6.0,6.0,10.0,9.7,3.529242915351047,7.0,8.0,8.0,10.25,17.0,10.0,101.8,0.4216370213557839,101.0,102.0,102.0,102.0,102.0,10.0,52.3,2.1628170930011112,50.0,51.0,52.0,53.5,57.0,10.0,1.1,0.8755950357709131,0.0,1.0,1.0,1.0,3.0,10.0,39.8,2.250925735484551,38.0,39.0,39.0,39.75,46.0,10.0,2.0,0.0,2.0,2.0,2.0,2.0,2.0
