,creation_seconds,creation_seconds,creation_seconds,creation_seconds,creation_seconds,creation_seconds,creation_seconds,creation_seconds,tpstart_seconds,tpstart_seconds,tpstart_seconds,tpstart_seconds,tpstart_seconds,tpstart_seconds,tpstart_seconds,tpstart_seconds,tpdataframe_seconds,tpdataframe_seconds,tpdataframe_seconds,tpdataframe_seconds,tpdataframe_seconds,tpdataframe_seconds,tpdataframe_seconds,tpdataframe_seconds,tpfinished_seconds,tpfinished_seconds,tpfinished_seconds,tpfinished_seconds,tpfinished_seconds,tpfinished_seconds,tpfinished_seconds,tpfinished_seconds,execution_remainder,execution_remainder,execution_remainder,execution_remainder,execution_remainder,execution_remainder,execution_remainder,execution_remainder,deletion_seconds,deletion_seconds,deletion_seconds,deletion_seconds,deletion_seconds,deletion_seconds,deletion_seconds,deletion_seconds,order,order,order,order,order,order,order,order
,count,mean,std,min,25%,50%,75%,max,count,mean,std,min,25%,50%,75%,max,count,mean,std,min,25%,50%,75%,max,count,mean,std,min,25%,50%,75%,max,count,mean,std,min,25%,50%,75%,max,count,mean,std,min,25%,50%,75%,max,count,mean,std,min,25%,50%,75%,max
id,,,,,,,,,,,,,,,,,,,,,,,,,,,,,,,,,,,,,,,,,,,,,,,,,,,,,,,,
default_prometheus,11.0,5.7272727272727275,0.4670993664969138,5.0,5.5,6.0,6.0,6.0,11.0,14.363636363636363,11.741147535677484,7.0,8.0,10.0,15.5,48.0,11.0,101.81818181818181,0.7507571935295483,101.0,101.0,102.0,102.0,103.0,11.0,52.54545454545455,2.1616492020508953,49.0,51.0,53.0,54.0,56.0,11.0,1.1818181818181819,0.40451991747794525,1.0,1.0,1.0,1.0,2.0,11.0,41.0,2.932575659723036,38.0,39.0,40.0,42.5,46.0,11.0,1.0,0.0,1.0,1.0,1.0,1.0,1.0
lpid_10,10.0,6.0,0.0,6.0,6.0,6.0,6.0,6.0,10.0,11.2,3.6147844564602556,8.0,9.0,9.5,12.0,18.0,10.0,102.0,0.6666666666666666,101.0,102.0,102.0,102.0,103.0,10.0,54.1,1.728840330651992,52.0,53.0,54.0,55.0,57.0,10.0,0.4,0.5163977794943222,0.0,0.0,0.0,1.0,1.0,10.0,39.3,0.8232726023485645,38.0,39.0,39.0,39.75,41.0,10.0,3.0,0.0,3.0,3.0,3.0,3.0,3.0
lpid_20,10.0,6.2,0.6324555320336759,6.0,6.0,6.0,6.0,8.0,10.0,13.0,4.666666666666667,9.0,9.0,11.5,17.0,21.0,10.0,102.2,0.9189365834726815,101.0,102.0,102.0,102.75,104.0,10.0,55.9,1.728840330651992,53.0,55.0,56.0,57.5,58.0,10.0,0.4,0.5163977794943222,0.0,0.0,0.0,1.0,1.0,10.0,41.4,2.547329756605707,39.0,40.0,41.0,41.0,46.0,10.0,4.0,0.0,4.0,4.0,4.0,4.0,4.0
lpid_5,10.0,5.9,0.31622776601683794,5.0,6.0,6.0,6.0,6.0,10.0,13.0,3.858612300930075,8.0,9.25,13.5,15.75,18.0,10.0,101.7,0.6749485577105528,101.0,101.0,102.0,102.0,103.0,10.0,54.7,1.766981104093143,52.0,53.25,54.5,56.0,57.0,10.0,0.4,0.5163977794943223,0.0,0.0,0.0,1.0,1.0,10.0,40.3,0.8232726023485646,39.0,40.0,40.5,41.0,41.0,10.0,2.0,0.0,2.0,2.0,2.0,2.0,2.0
no_monitoring,10.0,6.2,1.3984117975602022,5.0,6.0,6.0,6.0,10.0,10.0,13.1,12.617888536166069,7.0,7.25,8.0,12.0,48.0,10.0,101.8,0.4216370213557839,101.0,102.0,102.0,102.0,102.0,10.0,53.1,1.449137674618944,51.0,52.25,53.0,54.0,55.0,10.0,1.0,0.4714045207910317,0.0,1.0,1.0,1.0,2.0,10.0,40.8,2.898275349237888,39.0,39.0,39.0,43.5,45.0,10.0,0.0,0.0,0.0,0.0,0.0,0.0,0.0
